[
  {
    "path": "/login",
    "element": "@/layouts/UserLayout"
  },
  {
    "path": "/",
    "element": "@/layouts/BasicLayout",
    "children": [
      {
        "index": true,
        "redirect": "/home"
      },
      {
        "path": "/home",
        "name": "首页",
        "element": "@/pages/TableList",
        "icon": "home"
      },
      {
        "path": "/demo",
        "name": "列表查询/新增",
        "element": "@/pages/Demo",
        "icon": "home"
      },
      {
        "path": "/form",
        "name": "高级表单",
        "element": "@/pages/Form",
        "icon": "document"
      },
      {
        "path": "/:group/*",
        "name": "测试点击页面",
        "hideInMenu": true,
        "component": "@/pages/TableList",
        "icon": "home"
      },
      {
        "path": "/dom/exceptions",
        "name": "异常",
        "icon": "warning-o",
        "side": false,
        "children": [
          {
            "index": true,
            "redirect": "/dom/exceptions/403"
          },
          {
            "path": "/dom/exceptions/403",
            "name": "403",
            "element": "@uiw-admin/exceptions/esm/Exceptions/403"
          },
          {
            "path": "/dom/exceptions/500",
            "name": "500",
            "element": "@uiw-admin/exceptions/esm/Exceptions/500"
          },
          {
            "path": "/dom/exceptions/404",
            "name": "404",
            "element": "@uiw-admin/exceptions/esm/Exceptions/404"
          }
        ]
      }
    ]
  }
]
